<?xml version="1.0"?>
<!DOCTYPE Configure PUBLIC "-//Mort Bay Consulting//DTD Configure//EN" "http://jetty.mortbay.org/configure.dtd">
<Configure id="Server" class="org.eclipse.jetty.server.Server">

	<!-- =========================================================== -->
	<!-- Server Thread Pool                                          -->
	<!-- =========================================================== -->
	<Set name="ThreadPool">
		<New class="org.eclipse.jetty.util.thread.QueuedThreadPool">
			<Set name="minThreads">10</Set>
			<Set name="maxThreads">200</Set>
		</New>
	</Set>

	<!-- =========================================================== -->
	<!-- Set connectors                                              -->
	<!-- =========================================================== -->
	<Call name="addConnector">
		<Arg>
			<New class="org.eclipse.jetty.server.nio.BlockingChannelConnector">
				<Set name="host">
					<SystemProperty name="jetty.host" />
				</Set>
				<Set name="port">
					<SystemProperty name="jetty.port" default="8080" />
				</Set>
				<Set name="maxIdleTime">30000</Set>
				<Set name="Acceptors">2</Set>
				<Set name="statsOn">false</Set>
				<Set name="confidentialPort">8443</Set>
			</New>
		</Arg>
	</Call>

	<!-- =========================================================== -->
	<!-- Configure the Webapp Context                                -->
	<!-- =========================================================== -->
	<Set name="handler">
		<New class="org.eclipse.jetty.webapp.WebAppContext">
			<Set name="contextPath">/showcase</Set>
			<Set name="war">webapp</Set>
		</New>
	</Set>

	<!-- =========================================================== -->
	<!-- Extra options                                               -->
	<!-- =========================================================== -->
	<Set name="stopAtShutdown">true</Set>
	<Set name="sendServerVersion">true</Set>
	<Set name="sendDateHeader">true</Set>
	<Set name="gracefulShutdown">5000</Set>
</Configure>
